Varian?,Nama Varian,SKU,Kategori,Nama Produk,Slug,Deskripsi,Gambar,Harga,Harga Diskon,Harga Beli (HPP),Harga Reseller,Stok,Stok Minimum,Berat (gram),Punya Varian?,Attr: Warna,Attr: Ukuran,Attr: Bahan,Aktif?,Rating/Bintang,Terjual (Manual),Gratis Ongkir?,Meta Title,Meta Description
Tidak,,AKK,Dress,Aretha Kutung Knit,aretha-kutung-knit,,,95000,,54400,,0,0,400,1,,,,1,0,0,0,,
Ya,Latte - ALLSIZE,AKK-L,Dress,Aretha Kutung Knit,,,,95000,,54400,,0,0,400,0,Latte,ALLSIZE,Knit,1,0,0,0,,
Ya,Black - ALLSIZE,AKK-B,Dress,Aretha Kutung Knit,,,,95000,,54400,,0,0,400,0,Black,ALLSIZE,Knit,1,0,0,0,,
Ya,Woody - ALLSIZE,AKK-W,Dress,Aretha Kutung Knit,,,,95000,,54400,,0,0,400,0,Woody,ALLSIZE,Knit,1,0,0,0,,
Ya,Coklat - ALLSIZE,AKK-C,Dress,Aretha Kutung Knit,,,,95000,,54400,,0,0,400,0,Coklat,ALLSIZE,Knit,1,0,0,0,,
Ya,Khaki - ALLSIZE,AKK-K,Dress,Aretha Kutung Knit,,,,95000,,54400,,0,0,400,0,Khaki,ALLSIZE,Knit,1,0,0,0,,
Ya,Caroline Blue - ALLSIZE,AKK-CB,Dress,Aretha Kutung Knit,,,,95000,,54400,,0,0,400,0,Caroline Blue,ALLSIZE,Knit,1,0,0,0,,
Tidak,,AU,OneSet,Aurin Oneset,aurin-oneset,,,175000,,138570,,0,0,800,1,,,,1,0,0,0,,
Ya,MAPLE BROWN - L,AU-MBL,OneSet,Aurin Oneset,,,,175000,,138570,,0,0,800,0,MAPLE BROWN,L,Combed 24s,1,0,0,0,,
Ya,HITAM - L,AU-BLL,OneSet,Aurin Oneset,,,,175000,,138570,,0,0,800,0,HITAM,L,Combed 24s,1,0,0,0,,
Ya,NAVY - L,AU-NVM,OneSet,Aurin Oneset,,,,175000,,138570,,0,0,800,0,NAVY,L,Combed 24s,1,0,0,0,,
Ya,TOFFE - L,AU-TFM,OneSet,Aurin Oneset,,,,175000,,138570,,0,0,800,0,TOFFE,L,Combed 24s,1,0,0,0,,
Ya,TOFFE - XL,AU-TFL,OneSet,Aurin Oneset,,,,175000,,138570,,0,0,800,0,TOFFE,XL,Combed 24s,1,0,0,0,,
Ya,HITAM - XL,AU-BLM,OneSet,Aurin Oneset,,,,175000,,138570,,0,0,800,0,HITAM,XL,Combed 24s,1,0,0,0,,
Ya,NAVY - XL,AU-NVL,OneSet,Aurin Oneset,,,,175000,,138570,,0,0,800,0,NAVY,XL,Combed 24s,1,0,0,0,,
Ya,MAPLE BROWN - XL,AU-MBM,OneSet,Aurin Oneset,,,,175000,,138570,,0,0,800,0,MAPLE BROWN,XL,Combed 24s,1,0,0,0,,
Tidak,,FFS,OneSet,Faheera,faheera,,,160000,,119050,,0,0,1200,1,,,,1,0,0,0,,
Ya,Camel - ALLSIZE,FFS-CM,OneSet,Faheera,,,,160000,,119050,,0,0,1200,0,Camel,ALLSIZE,Ity twist,1,0,0,0,,
Ya,Blue Jeans - ALLSIZE,FFS-BJ,OneSet,Faheera,,,,160000,,119050,,0,0,1200,0,Blue Jeans,ALLSIZE,Ity twist,1,0,0,0,,
Ya,Hitam - ALLSIZE,FFS-HT,OneSet,Faheera,,,,160000,,119050,,0,0,1200,0,Hitam,ALLSIZE,Ity twist,1,0,0,0,,
Ya,Candy - ALLSIZE,FFS-CN,OneSet,Faheera,,,,160000,,119050,,0,0,1200,0,Candy,ALLSIZE,Ity twist,1,0,0,0,,
Ya,Peanut - ALLSIZE,FFS-PN,OneSet,Faheera,,,,160000,,119050,,0,0,1200,0,Peanut,ALLSIZE,Ity twist,1,0,0,0,,
Ya,Biscuit - ALLSIZE,FFS-BC,OneSet,Faheera,,,,160000,,119050,,0,0,1200,0,Biscuit,ALLSIZE,Ity twist,1,0,0,0,,
Ya,Thistle - ALLSIZE,FS-TH,OneSet,Faheera,,,,160000,,119050,,0,0,1200,0,Thistle,ALLSIZE,Ity twist,1,0,0,0,,
Ya,Chocopink - ALLSIZE,FS-CP,OneSet,Faheera,,,,160000,,119050,,0,0,1200,0,Chocopink,ALLSIZE,Ity twist,1,0,0,0,,
Ya,Seen Olive - ALLSIZE,FS-SO,OneSet,Faheera,,,,160000,,119050,,0,0,1200,0,Seen Olive,ALLSIZE,Ity twist,1,0,0,0,,
Ya,Milo - ALLSIZE,FS-ML,OneSet,Faheera,,,,160000,,119050,,0,0,1200,0,Milo,ALLSIZE,Ity twist,1,0,0,0,,
Ya,light grey - ALLSIZE,FFS-SO,OneSet,Faheera,,,,160000,,119050,,0,0,1200,0,light grey,ALLSIZE,Ity twist,1,0,0,0,,
Ya,Khaki Tua - ALLSIZE,FS-KT,OneSet,Faheera,,,,160000,,119050,,0,0,1200,0,Khaki Tua,ALLSIZE,Ity twist,1,0,0,0,,
Ya,burgundy - ALLSIZE,FS-CM,OneSet,Faheera,,,,160000,,119050,,0,0,1200,0,burgundy,ALLSIZE,Ity twist,1,0,0,0,,
Ya,Isla - ALLSIZE,FFS-IS,OneSet,Faheera,,,,160000,,119050,,0,0,1200,0,Isla,ALLSIZE,Ity twist,1,0,0,0,,
Ya,cloudy - ALLSIZE,FS-HT,OneSet,Faheera,,,,160000,,119050,,0,0,1200,0,cloudy,ALLSIZE,Ity twist,1,0,0,0,,
Ya,dark grey - ALLSIZE,FS-MR,OneSet,Faheera,,,,160000,,119050,,0,0,1200,0,dark grey,ALLSIZE,Ity twist,1,0,0,0,,
Ya,darkplum - ALLSIZE,FS-IS,OneSet,Faheera,,,,160000,,119050,,0,0,1200,0,darkplum,ALLSIZE,Ity twist,1,0,0,0,,
Ya,dove purple - ALLSIZE,FS-IR,OneSet,Faheera,,,,160000,,119050,,0,0,1200,0,dove purple,ALLSIZE,Ity twist,1,0,0,0,,
Ya,irish - ALLSIZE,FFS-OL,OneSet,Faheera,,,,160000,,119050,,0,0,1200,0,irish,ALLSIZE,Ity twist,1,0,0,0,,
Ya,coklat kopi - ALLSIZE,FFS-MV,OneSet,Faheera,,,,160000,,119050,,0,0,1200,0,coklat kopi,ALLSIZE,Ity twist,1,0,0,0,,
Ya,maroon - ALLSIZE,FS-BN,OneSet,Faheera,,,,160000,,119050,,0,0,1200,0,maroon,ALLSIZE,Ity twist,1,0,0,0,,
Ya,mauve - ALLSIZE,FFS-CL,OneSet,Faheera,,,,160000,,119050,,0,0,1200,0,mauve,ALLSIZE,Ity twist,1,0,0,0,,
Ya,oat - ALLSIZE,FFS-KP,OneSet,Faheera,,,,160000,,119050,,0,0,1200,0,oat,ALLSIZE,Ity twist,1,0,0,0,,
Ya,olive - ALLSIZE,FFS-BW,OneSet,Faheera,,,,160000,,119050,,0,0,1200,0,olive,ALLSIZE,Ity twist,1,0,0,0,,
Ya,Smoke - ALLSIZE,FFS-DP,OneSet,Faheera,,,,160000,,119050,,0,0,1200,0,Smoke,ALLSIZE,Ity twist,1,0,0,0,,
Ya,soft beige - ALLSIZE,FS-DG,OneSet,Faheera,,,,160000,,119050,,0,0,1200,0,soft beige,ALLSIZE,Ity twist,1,0,0,0,,
Tidak,,FC,OneSet,mahira,mahira,,,160000,,114000,,0,0,1200,1,,,,1,0,0,0,,
Ya,Burgundy - ALLSIZE,FC-BG,OneSet,mahira,,,,160000,,114000,,0,0,1200,0,Burgundy,ALLSIZE,Ity twist,1,0,0,0,,
Ya,Kopi - ALLSIZE,FC-KP,OneSet,mahira,,,,160000,,114000,,0,0,1200,0,Kopi,ALLSIZE,Ity twist,1,0,0,0,,
Ya,Maroon - ALLSIZE,FC-MR,OneSet,mahira,,,,160000,,114000,,0,0,1200,0,Maroon,ALLSIZE,Ity twist,1,0,0,0,,
Ya,Chocopink - ALLSIZE,FC-CP,OneSet,mahira,,,,160000,,114000,,0,0,1200,0,Chocopink,ALLSIZE,Ity twist,1,0,0,0,,
Ya,Khaki Tua - ALLSIZE,FC-KT,OneSet,mahira,,,,160000,,114000,,0,0,1200,0,Khaki Tua,ALLSIZE,Ity twist,1,0,0,0,,
Ya,Hitam - ALLSIZE,FC-HT,OneSet,mahira,,,,160000,,114000,,0,0,1200,0,Hitam,ALLSIZE,Ity twist,1,0,0,0,,
Tidak,,JS,OneSet,jasmine oneset,jasmine-oneset,,,155000,,118610,,0,0,1000,1,,,,1,0,0,0,,
Ya,chocopink - ALLSIZE,JS-CCP,OneSet,jasmine oneset,,,,155000,,118610,,0,0,1000,0,chocopink,ALLSIZE,Ity twist,1,0,0,0,,
Ya,khaki tua - ALLSIZE,JS-KT,OneSet,jasmine oneset,,,,155000,,118610,,0,0,1000,0,khaki tua,ALLSIZE,Ity twist,1,0,0,0,,
Ya,coklat kopi - ALLSIZE,JS-KP,OneSet,jasmine oneset,,,,155000,,118610,,0,0,1000,0,coklat kopi,ALLSIZE,Ity twist,1,0,0,0,,
Ya,drak grey - ALLSIZE,JS-DG,OneSet,jasmine oneset,,,,155000,,118610,,0,0,1000,0,drak grey,ALLSIZE,Ity twist,1,0,0,0,,
Ya,hitam - ALLSIZE,JS-BL,OneSet,jasmine oneset,,,,155000,,118610,,0,0,1000,0,hitam,ALLSIZE,Ity twist,1,0,0,0,,
Ya,mauve - ALLSIZE,JS-MV,OneSet,jasmine oneset,,,,155000,,118610,,0,0,1000,0,mauve,ALLSIZE,Ity twist,1,0,0,0,,
Ya,isla - ALLSIZE,JS-IS,OneSet,jasmine oneset,,,,155000,,118610,,0,0,1000,0,isla,ALLSIZE,Ity twist,1,0,0,0,,
Tidak,,JN,OneSet,Jennie,jennie,,,155000,,115250,,0,0,1000,1,,,,1,0,0,0,,
Ya,Caroline Blue - ALLSIZE,JN-CB,OneSet,Jennie,,,,155000,,115250,,0,0,1000,0,Caroline Blue,ALLSIZE,Knit,1,0,0,0,,
Ya,Woody - ALLSIZE,JN-WD,OneSet,Jennie,,,,155000,,115250,,0,0,1000,0,Woody,ALLSIZE,Knit,1,0,0,0,,
Ya,Hitam - ALLSIZE,JN-BL,OneSet,Jennie,,,,155000,,115250,,0,0,1000,0,Hitam,ALLSIZE,Knit,1,0,0,0,,
Ya,Latte - ALLSIZE,JN-LT,OneSet,Jennie,,,,155000,,115250,,0,0,1000,0,Latte,ALLSIZE,Knit,1,0,0,0,,
Tidak,,KB,Dress,Kyla Dress Busui,kyla-dress-busui,,,95000,,67970,,0,0,650,1,,,,1,0,0,0,,
Ya,Toffee - ALLSIZE,KB-T,Dress,Kyla Dress Busui,,,,95000,,67970,,0,0,650,0,Toffee,ALLSIZE,Combed 30s,1,0,0,0,,
Ya,Emerald - ALLSIZE,KB-EM,Dress,Kyla Dress Busui,,,,95000,,67970,,0,0,650,0,Emerald,ALLSIZE,Combed 30s,1,0,0,0,,
Ya,Beige - ALLSIZE,KB-BG,Dress,Kyla Dress Busui,,,,95000,,67970,,0,0,650,0,Beige,ALLSIZE,Combed 30s,1,0,0,0,,
Ya,Denim - ALLSIZE,KB-D,Dress,Kyla Dress Busui,,,,95000,,67970,,0,0,650,0,Denim,ALLSIZE,Combed 30s,1,0,0,0,,
Ya,Green Sage - ALLSIZE,KB-GS,Dress,Kyla Dress Busui,,,,95000,,67970,,0,0,650,0,Green Sage,ALLSIZE,Combed 30s,1,0,0,0,,
Ya,Merah Maroon - ALLSIZE,KB-MM,Dress,Kyla Dress Busui,,,,95000,,67970,,0,0,650,0,Merah Maroon,ALLSIZE,Combed 30s,1,0,0,0,,
Ya,Black - ALLSIZE,KB-BL,Dress,Kyla Dress Busui,,,,95000,,67970,,0,0,650,0,Black,ALLSIZE,Combed 30s,1,0,0,0,,
Ya,Grey - ALLSIZE,KB-G,Dress,Kyla Dress Busui,,,,95000,,67970,,0,0,650,0,Grey,ALLSIZE,Combed 30s,1,0,0,0,,
Ya,Espresso - ALLSIZE,KB-EPS,Dress,Kyla Dress Busui,,,,95000,,67970,,0,0,650,0,Espresso,ALLSIZE,Combed 30s,1,0,0,0,,
Tidak,,KDS,Dress,Kyla Dress Shirt,kyla-dress-shirt,,,90000,,61810,,0,0,650,1,,,,1,0,0,0,,
Ya,Emerald - ALLSIZE,KDS-E,Dress,Kyla Dress Shirt,,,,90000,,61810,,0,0,650,0,Emerald,ALLSIZE,Combed 30s,1,0,0,0,,
Ya,Lavender - ALLSIZE,KDS-LV,Dress,Kyla Dress Shirt,,,,90000,,61810,,0,0,650,0,Lavender,ALLSIZE,Combed 30s,1,0,0,0,,
Ya,Teracotta - ALLSIZE,KDS-TR,Dress,Kyla Dress Shirt,,,,90000,,61810,,0,0,650,0,Teracotta,ALLSIZE,Combed 30s,1,0,0,0,,
Ya,Charcoal - ALLSIZE,KDS-CH,Dress,Kyla Dress Shirt,,,,90000,,61810,,0,0,650,0,Charcoal,ALLSIZE,Combed 30s,1,0,0,0,,
Ya,Army - ALLSIZE,KDS-AR,Dress,Kyla Dress Shirt,,,,90000,,61810,,0,0,650,0,Army,ALLSIZE,Combed 30s,1,0,0,0,,
Ya,Navy - ALLSIZE,KDS-NB,Dress,Kyla Dress Shirt,,,,90000,,61810,,0,0,650,0,Navy,ALLSIZE,Combed 30s,1,0,0,0,,
Ya,Lime - ALLSIZE,KDS-LM,Dress,Kyla Dress Shirt,,,,90000,,61810,,0,0,650,0,Lime,ALLSIZE,Combed 30s,1,0,0,0,,
Ya,Violet - ALLSIZE,KDS-V,Dress,Kyla Dress Shirt,,,,90000,,61810,,0,0,650,0,Violet,ALLSIZE,Combed 30s,1,0,0,0,,
Ya,Black - ALLSIZE,KDS-BL,Dress,Kyla Dress Shirt,,,,90000,,61810,,0,0,650,0,Black,ALLSIZE,Combed 30s,1,0,0,0,,
Ya,Fuchia - ALLSIZE,KDS-F,Dress,Kyla Dress Shirt,,,,90000,,61810,,0,0,650,0,Fuchia,ALLSIZE,Combed 30s,1,0,0,0,,
Ya,Caramel - ALLSIZE,KDS-CR,Dress,Kyla Dress Shirt,,,,90000,,61810,,0,0,650,0,Caramel,ALLSIZE,Combed 30s,1,0,0,0,,
Ya,Dusty Green - ALLSIZE,KDS-DG,Dress,Kyla Dress Shirt,,,,90000,,61810,,0,0,650,0,Dusty Green,ALLSIZE,Combed 30s,1,0,0,0,,
Ya,Green Sage - ALLSIZE,KDS-GS,Dress,Kyla Dress Shirt,,,,90000,,61810,,0,0,650,0,Green Sage,ALLSIZE,Combed 30s,1,0,0,0,,
Ya,Espresso - ALLSIZE,KDS-ESP,Dress,Kyla Dress Shirt,,,,90000,,61810,,0,0,650,0,Espresso,ALLSIZE,Combed 30s,1,0,0,0,,
Ya,Maroon - ALLSIZE,KDS-MM,Dress,Kyla Dress Shirt,,,,90000,,61810,,0,0,650,0,Maroon,ALLSIZE,Combed 30s,1,0,0,0,,
Ya,Baby Pink - ALLSIZE,KDS-BP,Dress,Kyla Dress Shirt,,,,90000,,61810,,0,0,650,0,Baby Pink,ALLSIZE,Combed 30s,1,0,0,0,,
Ya,Grey - ALLSIZE,KDS-G,Dress,Kyla Dress Shirt,,,,90000,,61810,,0,0,650,0,Grey,ALLSIZE,Combed 30s,1,0,0,0,,
Ya,Mustard - ALLSIZE,KDS-MT,Dress,Kyla Dress Shirt,,,,90000,,61810,,0,0,650,0,Mustard,ALLSIZE,Combed 30s,1,0,0,0,,
Ya,Canary - ALLSIZE,KDS-CN,Dress,Kyla Dress Shirt,,,,90000,,61810,,0,0,650,0,Canary,ALLSIZE,Combed 30s,1,0,0,0,,
Ya,Kopi - ALLSIZE,KDS-K,Dress,Kyla Dress Shirt,,,,90000,,61810,,0,0,650,0,Kopi,ALLSIZE,Combed 30s,1,0,0,0,,
Tidak,,NBF,OneSet,Nadine Busui,nadine-busui,,,155000,,120825,,0,0,1000,1,,,,1,0,0,0,,
Ya,hitam - ALLSIZE,NBF-PN,OneSet,Nadine Busui,,,,155000,,120825,,0,0,1000,0,hitam,ALLSIZE,Ity twist,1,0,0,0,,
Ya,blue jeans - ALLSIZE,NBF-NB,OneSet,Nadine Busui,,,,155000,,120825,,0,0,1000,0,blue jeans,ALLSIZE,Ity twist,1,0,0,0,,
Ya,chocopink - ALLSIZE,NB-R,OneSet,Nadine Busui,,,,155000,,120825,,0,0,1000,0,chocopink,ALLSIZE,Ity twist,1,0,0,0,,
Ya,khaki tua - ALLSIZE,NB-PN,OneSet,Nadine Busui,,,,155000,,120825,,0,0,1000,0,khaki tua,ALLSIZE,Ity twist,1,0,0,0,,
Ya,kopi - ALLSIZE,NB-BL,OneSet,Nadine Busui,,,,155000,,120825,,0,0,1000,0,kopi,ALLSIZE,Ity twist,1,0,0,0,,
Ya,maroon - ALLSIZE,NBF-MR,OneSet,Nadine Busui,,,,155000,,120825,,0,0,1000,0,maroon,ALLSIZE,Ity twist,1,0,0,0,,
Ya,navy - ALLSIZE,NB-KP,OneSet,Nadine Busui,,,,155000,,120825,,0,0,1000,0,navy,ALLSIZE,Ity twist,1,0,0,0,,
Ya,PEANUT - ALLSIZE,NB-HM,OneSet,Nadine Busui,,,,155000,,120825,,0,0,1000,0,PEANUT,ALLSIZE,Ity twist,1,0,0,0,,
Tidak,,NP,OneSet,Nadine Petite,nadine-petite,,,145000,,102810,,0,0,1000,1,,,,1,0,0,0,,
Ya,DEEP BLUE - ALLSIZE,NP-DB,OneSet,Nadine Petite,,,,145000,,102810,,0,0,1000,0,DEEP BLUE,ALLSIZE,Ity twist,1,0,0,0,,
Ya,KOPI - ALLSIZE,NP-KP,OneSet,Nadine Petite,,,,145000,,102810,,0,0,1000,0,KOPI,ALLSIZE,Ity twist,1,0,0,0,,
Ya,BLUE JEANS - ALLSIZE,NP-BJ,OneSet,Nadine Petite,,,,145000,,102810,,0,0,1000,0,BLUE JEANS,ALLSIZE,Ity twist,1,0,0,0,,
Ya,MILO - ALLSIZE,NP-ML,OneSet,Nadine Petite,,,,145000,,102810,,0,0,1000,0,MILO,ALLSIZE,Ity twist,1,0,0,0,,
Ya,MAROON - ALLSIZE,NP-MM,OneSet,Nadine Petite,,,,145000,,102810,,0,0,1000,0,MAROON,ALLSIZE,Ity twist,1,0,0,0,,
Ya,NAVY - ALLSIZE,NP-NV,OneSet,Nadine Petite,,,,145000,,102810,,0,0,1000,0,NAVY,ALLSIZE,Ity twist,1,0,0,0,,
Ya,BLACK - ALLSIZE,NP-BL,OneSet,Nadine Petite,,,,145000,,102810,,0,0,1000,0,BLACK,ALLSIZE,Ity twist,1,0,0,0,,
Ya,BURGUNDY - ALLSIZE,NP-BG,OneSet,Nadine Petite,,,,145000,,102810,,0,0,1000,0,BURGUNDY,ALLSIZE,Ity twist,1,0,0,0,,
Ya,DARK GREY - ALLSIZE,NP-DG,OneSet,Nadine Petite,,,,145000,,102810,,0,0,1000,0,DARK GREY,ALLSIZE,Ity twist,1,0,0,0,,
Ya,CHOCOPINK - ALLSIZE,NP-CP,OneSet,Nadine Petite,,,,145000,,102810,,0,0,1000,0,CHOCOPINK,ALLSIZE,Ity twist,1,0,0,0,,
Ya,DARK PLUM - ALLSIZE,NP-DP,OneSet,Nadine Petite,,,,145000,,102810,,0,0,1000,0,DARK PLUM,ALLSIZE,Ity twist,1,0,0,0,,
Ya,KHAKI TUA - ALLSIZE,NP-KT,OneSet,Nadine Petite,,,,145000,,102810,,0,0,1000,0,KHAKI TUA,ALLSIZE,Ity twist,1,0,0,0,,
Ya,THISTLE - ALLSIZE,NP-TH,OneSet,Nadine Petite,,,,145000,,102810,,0,0,1000,0,THISTLE,ALLSIZE,Ity twist,1,0,0,0,,
Ya,CAMEL - ALLSIZE,NP-PM,OneSet,Nadine Petite,,,,145000,,102810,,0,0,1000,0,CAMEL,ALLSIZE,Ity twist,1,0,0,0,,
Ya,BISCUIT - ALLSIZE,NP-BC,OneSet,Nadine Petite,,,,145000,,102810,,0,0,1000,0,BISCUIT,ALLSIZE,Ity twist,1,0,0,0,,
Ya,PEANUT - ALLSIZE,NP-PN,OneSet,Nadine Petite,,,,145000,,102810,,0,0,1000,0,PEANUT,ALLSIZE,Ity twist,1,0,0,0,,
Ya,oat - ALLSIZE,NP-OT,OneSet,Nadine Petite,,,,145000,,102810,,0,0,1000,0,oat,ALLSIZE,Ity twist,1,0,0,0,,
Tidak,,OSN,OneSet,Nadine Set,nadine-set,,,145000,,102810,,0,0,1000,1,,,,1,0,0,0,,
Ya,BISCUIT - ALLSIZE,OSN-AV,OneSet,Nadine Set,,,,145000,,102810,,0,0,1000,0,BISCUIT,ALLSIZE,Ity twist,1,0,0,0,,
Ya,hitam - ALLSIZE,OSN-IS,OneSet,Nadine Set,,,,145000,,102810,,0,0,1000,0,hitam,ALLSIZE,Ity twist,1,0,0,0,,
Ya,blue jeans' - ALLSIZE,OSN-SO,OneSet,Nadine Set,,,,145000,,102810,,0,0,1000,0,blue jeans',ALLSIZE,Ity twist,1,0,0,0,,
Ya,burgundy - ALLSIZE,OSN-BJ,OneSet,Nadine Set,,,,145000,,102810,,0,0,1000,0,burgundy,ALLSIZE,Ity twist,1,0,0,0,,
Ya,chocopink - ALLSIZE,BNS-DP,OneSet,Nadine Set,,,,145000,,102810,,0,0,1000,0,chocopink,ALLSIZE,Ity twist,1,0,0,0,,
Ya,dark grey - ALLSIZE,OSN-DP,OneSet,Nadine Set,,,,145000,,102810,,0,0,1000,0,dark grey,ALLSIZE,Ity twist,1,0,0,0,,
Ya,dark plum - ALLSIZE,BNS-BN,OneSet,Nadine Set,,,,145000,,102810,,0,0,1000,0,dark plum,ALLSIZE,Ity twist,1,0,0,0,,
Ya,deep blue - ALLSIZE,OSN-PK,OneSet,Nadine Set,,,,145000,,102810,,0,0,1000,0,deep blue,ALLSIZE,Ity twist,1,0,0,0,,
Ya,dove purple - ALLSIZE,OSN-PN,OneSet,Nadine Set,,,,145000,,102810,,0,0,1000,0,dove purple,ALLSIZE,Ity twist,1,0,0,0,,
Ya,isla - ALLSIZE,OSN-SB,OneSet,Nadine Set,,,,145000,,102810,,0,0,1000,0,isla,ALLSIZE,Ity twist,1,0,0,0,,
Ya,khaky tua - ALLSIZE,BNS-LG,OneSet,Nadine Set,,,,145000,,102810,,0,0,1000,0,khaky tua,ALLSIZE,Ity twist,1,0,0,0,,
Ya,kopi - ALLSIZE,OSN-HM,OneSet,Nadine Set,,,,145000,,102810,,0,0,1000,0,kopi,ALLSIZE,Ity twist,1,0,0,0,,
Ya,Navy - ALLSIZE,BNS-NV,OneSet,Nadine Set,,,,145000,,102810,,0,0,1000,0,Navy,ALLSIZE,Ity twist,1,0,0,0,,
Ya,oat - ALLSIZE,BNS-IS,OneSet,Nadine Set,,,,145000,,102810,,0,0,1000,0,oat,ALLSIZE,Ity twist,1,0,0,0,,
Ya,peanut - ALLSIZE,BNS-TS,OneSet,Nadine Set,,,,145000,,102810,,0,0,1000,0,peanut,ALLSIZE,Ity twist,1,0,0,0,,
Ya,camel - ALLSIZE,BNS-SM,OneSet,Nadine Set,,,,145000,,102810,,0,0,1000,0,camel,ALLSIZE,Ity twist,1,0,0,0,,
Ya,olive seen - ALLSIZE,OSN-BC,OneSet,Nadine Set,,,,145000,,102810,,0,0,1000,0,olive seen,ALLSIZE,Ity twist,1,0,0,0,,
Ya,smoke - ALLSIZE,BNS-PK,OneSet,Nadine Set,,,,145000,,102810,,0,0,1000,0,smoke,ALLSIZE,Ity twist,1,0,0,0,,
Ya,soft beige - ALLSIZE,OSN-TS,OneSet,Nadine Set,,,,145000,,102810,,0,0,1000,0,soft beige,ALLSIZE,Ity twist,1,0,0,0,,
Ya,thistle - ALLSIZE,OSN-DB,OneSet,Nadine Set,,,,145000,,102810,,0,0,1000,0,thistle,ALLSIZE,Ity twist,1,0,0,0,,
Tidak,,OSN,OneSet,Nadine Set M,nadine-set-m,,,145000,,102810,,0,0,1000,1,,,,1,0,0,0,,
Ya,aroon - ALLSIZE,OSN-MR,OneSet,Nadine Set M,,,,145000,,102810,,0,0,1000,0,aroon,ALLSIZE,Ity twist,1,0,0,0,,
Ya,auve - ALLSIZE,OSN-DV,OneSet,Nadine Set M,,,,145000,,102810,,0,0,1000,0,auve,ALLSIZE,Ity twist,1,0,0,0,,
Ya,ilo - ALLSIZE,OSN-K,OneSet,Nadine Set M,,,,145000,,102810,,0,0,1000,0,ilo,ALLSIZE,Ity twist,1,0,0,0,,
Ya,BISCUIT - ALLSIZE,OSN-PMM,OneSet,Nadine Set M,,,,145000,,102810,,0,0,1000,0,BISCUIT,ALLSIZE,Ity twist,1,0,0,0,,
Ya,BLACK - ALLSIZE,BNS-CPM,OneSet,Nadine Set M,,,,145000,,102810,,0,0,1000,0,BLACK,ALLSIZE,Ity twist,1,0,0,0,,
Ya,BLUE JEANS - ALLSIZE,BNS-PTRM,OneSet,Nadine Set M,,,,145000,,102810,,0,0,1000,0,BLUE JEANS,ALLSIZE,Ity twist,1,0,0,0,,
Ya,BURGUNDY - ALLSIZE,OSN-CPM,OneSet,Nadine Set M,,,,145000,,102810,,0,0,1000,0,BURGUNDY,ALLSIZE,Ity twist,1,0,0,0,,
Ya,CHOCOPINK - ALLSIZE,OSN-BCM,OneSet,Nadine Set M,,,,145000,,102810,,0,0,1000,0,CHOCOPINK,ALLSIZE,Ity twist,1,0,0,0,,
Ya,DARK GREY - ALLSIZE,BNS-MRM,OneSet,Nadine Set M,,,,145000,,102810,,0,0,1000,0,DARK GREY,ALLSIZE,Ity twist,1,0,0,0,,
Ya,DARK PLUM - ALLSIZE,OSN-DGM,OneSet,Nadine Set M,,,,145000,,102810,,0,0,1000,0,DARK PLUM,ALLSIZE,Ity twist,1,0,0,0,,
Ya,DEEP BLUE - ALLSIZE,OSN-PTRM,OneSet,Nadine Set M,,,,145000,,102810,,0,0,1000,0,DEEP BLUE,ALLSIZE,Ity twist,1,0,0,0,,
Ya,KHAKI TUA - ALLSIZE,OSN-DPM,OneSet,Nadine Set M,,,,145000,,102810,,0,0,1000,0,KHAKI TUA,ALLSIZE,Ity twist,1,0,0,0,,
Ya,KOPI - ALLSIZE,OSN-BURM,OneSet,Nadine Set M,,,,145000,,102810,,0,0,1000,0,KOPI,ALLSIZE,Ity twist,1,0,0,0,,
Ya,MAROON - ALLSIZE,OSN-DBM,OneSet,Nadine Set M,,,,145000,,102810,,0,0,1000,0,MAROON,ALLSIZE,Ity twist,1,0,0,0,,
Ya,MILO - ALLSIZE,BNS-LGM,OneSet,Nadine Set M,,,,145000,,102810,,0,0,1000,0,MILO,ALLSIZE,Ity twist,1,0,0,0,,
Ya,NAVY - ALLSIZE,OSN-KTM,OneSet,Nadine Set M,,,,145000,,102810,,0,0,1000,0,NAVY,ALLSIZE,Ity twist,1,0,0,0,,
Ya,PEANUT - ALLSIZE,BNS-DBM,OneSet,Nadine Set M,,,,145000,,102810,,0,0,1000,0,PEANUT,ALLSIZE,Ity twist,1,0,0,0,,
Ya,CAMEL - ALLSIZE,OSN-NVM,OneSet,Nadine Set M,,,,145000,,102810,,0,0,1000,0,CAMEL,ALLSIZE,Ity twist,1,0,0,0,,
Ya,THISTLE - ALLSIZE,BNS-BJM,OneSet,Nadine Set M,,,,145000,,102810,,0,0,1000,0,THISTLE,ALLSIZE,Ity twist,1,0,0,0,,
Tidak,,NH,Hijab,Nura Hijab 1,nura-hijab-1,,,28000,,16050,,0,0,100,1,,,,1,0,0,0,,
Ya,almond - ALLSIZE,NH-NB,Hijab,Nura Hijab 1,,,,28000,,16050,,0,0,100,0,almond,ALLSIZE,Polycotton,1,0,0,0,,
Ya,Army - ALLSIZE,NH-MH,Hijab,Nura Hijab 1,,,,28000,,16050,,0,0,100,0,Army,ALLSIZE,Polycotton,1,0,0,0,,
Ya,ash blue - ALLSIZE,NH-ES,Hijab,Nura Hijab 1,,,,28000,,16050,,0,0,100,0,ash blue,ALLSIZE,Polycotton,1,0,0,0,,
Ya,beige - ALLSIZE,NH-CC,Hijab,Nura Hijab 1,,,,28000,,16050,,0,0,100,0,beige,ALLSIZE,Polycotton,1,0,0,0,,
Ya,berry - ALLSIZE,NH-FC,Hijab,Nura Hijab 1,,,,28000,,16050,,0,0,100,0,berry,ALLSIZE,Polycotton,1,0,0,0,,
Ya,biscuit - ALLSIZE,NH-BI,Hijab,Nura Hijab 1,,,,28000,,16050,,0,0,100,0,biscuit,ALLSIZE,Polycotton,1,0,0,0,,
Ya,Black - ALLSIZE,NH-MC,Hijab,Nura Hijab 1,,,,28000,,16050,,0,0,100,0,Black,ALLSIZE,Polycotton,1,0,0,0,,
Ya,blue grey - ALLSIZE,NH-PK,Hijab,Nura Hijab 1,,,,28000,,16050,,0,0,100,0,blue grey,ALLSIZE,Polycotton,1,0,0,0,,
Ya,Broken white - ALLSIZE,NH-AR,Hijab,Nura Hijab 1,,,,28000,,16050,,0,0,100,0,Broken white,ALLSIZE,Polycotton,1,0,0,0,,
Ya,brown - ALLSIZE,NH-IB,Hijab,Nura Hijab 1,,,,28000,,16050,,0,0,100,0,brown,ALLSIZE,Polycotton,1,0,0,0,,
Ya,brownie - ALLSIZE,NH-CN,Hijab,Nura Hijab 1,,,,28000,,16050,,0,0,100,0,brownie,ALLSIZE,Polycotton,1,0,0,0,,
Ya,burgundy - ALLSIZE,NH-OC,Hijab,Nura Hijab 1,,,,28000,,16050,,0,0,100,0,burgundy,ALLSIZE,Polycotton,1,0,0,0,,
Ya,cinamon - ALLSIZE,NH-ML,Hijab,Nura Hijab 1,,,,28000,,16050,,0,0,100,0,cinamon,ALLSIZE,Polycotton,1,0,0,0,,
Ya,coklat tanah - ALLSIZE,NH-TT,Hijab,Nura Hijab 1,,,,28000,,16050,,0,0,100,0,coklat tanah,ALLSIZE,Polycotton,1,0,0,0,,
Ya,Coksu - ALLSIZE,NH-LP,Hijab,Nura Hijab 1,,,,28000,,16050,,0,0,100,0,Coksu,ALLSIZE,Polycotton,1,0,0,0,,
Ya,cotton - ALLSIZE,NH-DP,Hijab,Nura Hijab 1,,,,28000,,16050,,0,0,100,0,cotton,ALLSIZE,Polycotton,1,0,0,0,,
Ya,cream - ALLSIZE,NH-GS,Hijab,Nura Hijab 1,,,,28000,,16050,,0,0,100,0,cream,ALLSIZE,Polycotton,1,0,0,0,,
Ya,dark grey - ALLSIZE,NH-BG,Hijab,Nura Hijab 1,,,,28000,,16050,,0,0,100,0,dark grey,ALLSIZE,Polycotton,1,0,0,0,,
Ya,Darwin - ALLSIZE,NH-BS,Hijab,Nura Hijab 1,,,,28000,,16050,,0,0,100,0,Darwin,ALLSIZE,Polycotton,1,0,0,0,,
Ya,Denim - ALLSIZE,NH-KP,Hijab,Nura Hijab 1,,,,28000,,16050,,0,0,100,0,Denim,ALLSIZE,Polycotton,1,0,0,0,,
Ya,dusty pink - ALLSIZE,NH-AL,Hijab,Nura Hijab 1,,,,28000,,16050,,0,0,100,0,dusty pink,ALLSIZE,Polycotton,1,0,0,0,,
Ya,emerald - ALLSIZE,NH-CT,Hijab,Nura Hijab 1,,,,28000,,16050,,0,0,100,0,emerald,ALLSIZE,Polycotton,1,0,0,0,,
Ya,espresso - ALLSIZE,NH-ER,Hijab,Nura Hijab 1,,,,28000,,16050,,0,0,100,0,espresso,ALLSIZE,Polycotton,1,0,0,0,,
Ya,frapucino - ALLSIZE,NH-AB,Hijab,Nura Hijab 1,,,,28000,,16050,,0,0,100,0,frapucino,ALLSIZE,Polycotton,1,0,0,0,,
Ya,fuchia - ALLSIZE,NH-BL,Hijab,Nura Hijab 1,,,,28000,,16050,,0,0,100,0,fuchia,ALLSIZE,Polycotton,1,0,0,0,,
Ya,Greenn Sage - ALLSIZE,NH-MM,Hijab,Nura Hijab 1,,,,28000,,16050,,0,0,100,0,Greenn Sage,ALLSIZE,Polycotton,1,0,0,0,,
Ya,Greentea - ALLSIZE,NH-MT,Hijab,Nura Hijab 1,,,,28000,,16050,,0,0,100,0,Greentea,ALLSIZE,Polycotton,1,0,0,0,,
Ya,hazlenut - ALLSIZE,NH-DR,Hijab,Nura Hijab 1,,,,28000,,16050,,0,0,100,0,hazlenut,ALLSIZE,Polycotton,1,0,0,0,,
Ya,iron blue - ALLSIZE,NH-IV,Hijab,Nura Hijab 1,,,,28000,,16050,,0,0,100,0,iron blue,ALLSIZE,Polycotton,1,0,0,0,,
Ya,ivory - ALLSIZE,NH-BE,Hijab,Nura Hijab 1,,,,28000,,16050,,0,0,100,0,ivory,ALLSIZE,Polycotton,1,0,0,0,,
Ya,Khaki - ALLSIZE,NH-O,Hijab,Nura Hijab 1,,,,28000,,16050,,0,0,100,0,Khaki,ALLSIZE,Polycotton,1,0,0,0,,
Ya,kopi - ALLSIZE,NH-CR,Hijab,Nura Hijab 1,,,,28000,,16050,,0,0,100,0,kopi,ALLSIZE,Polycotton,1,0,0,0,,
Ya,lavender - ALLSIZE,NH-MB,Hijab,Nura Hijab 1,,,,28000,,16050,,0,0,100,0,lavender,ALLSIZE,Polycotton,1,0,0,0,,
Ya,lilac - ALLSIZE,NH-KK,Hijab,Nura Hijab 1,,,,28000,,16050,,0,0,100,0,lilac,ALLSIZE,Polycotton,1,0,0,0,,
Ya,lime - ALLSIZE,NH-LC,Hijab,Nura Hijab 1,,,,28000,,16050,,0,0,100,0,lime,ALLSIZE,Polycotton,1,0,0,0,,
Ya,maciato - ALLSIZE,NH-HN,Hijab,Nura Hijab 1,,,,28000,,16050,,0,0,100,0,maciato,ALLSIZE,Polycotton,1,0,0,0,,
Ya,merah cabe - ALLSIZE,NH-FR,Hijab,Nura Hijab 1,,,,28000,,16050,,0,0,100,0,merah cabe,ALLSIZE,Polycotton,1,0,0,0,,
Ya,Merah Marron - ALLSIZE,NH-GT,Hijab,Nura Hijab 1,,,,28000,,16050,,0,0,100,0,Merah Marron,ALLSIZE,Polycotton,1,0,0,0,,
Ya,Milo - ALLSIZE,NH-PC,Hijab,Nura Hijab 1,,,,28000,,16050,,0,0,100,0,Milo,ALLSIZE,Polycotton,1,0,0,0,,
Ya,mint - ALLSIZE,NH-BN,Hijab,Nura Hijab 1,,,,28000,,16050,,0,0,100,0,mint,ALLSIZE,Polycotton,1,0,0,0,,
Ya,Mocca - ALLSIZE,NH-MR,Hijab,Nura Hijab 1,,,,28000,,16050,,0,0,100,0,Mocca,ALLSIZE,Polycotton,1,0,0,0,,
Ya,mustard - ALLSIZE,NH-CS,Hijab,Nura Hijab 1,,,,28000,,16050,,0,0,100,0,mustard,ALLSIZE,Polycotton,1,0,0,0,,
Ya,natural - ALLSIZE,NH-DG,Hijab,Nura Hijab 1,,,,28000,,16050,,0,0,100,0,natural,ALLSIZE,Polycotton,1,0,0,0,,
Ya,Navy Blue - ALLSIZE,NH-BW,Hijab,Nura Hijab 1,,,,28000,,16050,,0,0,100,0,Navy Blue,ALLSIZE,Polycotton,1,0,0,0,,
Ya,oat - ALLSIZE,NH-BR,Hijab,Nura Hijab 1,,,,28000,,16050,,0,0,100,0,oat,ALLSIZE,Polycotton,1,0,0,0,,
Ya,pasific - ALLSIZE,NH-PS,Hijab,Nura Hijab 1,,,,28000,,16050,,0,0,100,0,pasific,ALLSIZE,Polycotton,1,0,0,0,,
Ya,pickle - ALLSIZE,NH-BY,Hijab,Nura Hijab 1,,,,28000,,16050,,0,0,100,0,pickle,ALLSIZE,Polycotton,1,0,0,0,,
Ya,purple - ALLSIZE,NH-NT,Hijab,Nura Hijab 1,,,,28000,,16050,,0,0,100,0,purple,ALLSIZE,Polycotton,1,0,0,0,,
Ya,rose - ALLSIZE,NH-BD,Hijab,Nura Hijab 1,,,,28000,,16050,,0,0,100,0,rose,ALLSIZE,Polycotton,1,0,0,0,,
Ya,rosegold - ALLSIZE,NH-DN,Hijab,Nura Hijab 1,,,,28000,,16050,,0,0,100,0,rosegold,ALLSIZE,Polycotton,1,0,0,0,,
Ya,Royal Blue - ALLSIZE,NH-LM,Hijab,Nura Hijab 1,,,,28000,,16050,,0,0,100,0,Royal Blue,ALLSIZE,Polycotton,1,0,0,0,,
Tidak,,NH2,Hijab,Nura Hijab 2,nura-hijab-2,,,28000,,16050,,0,0,100,1,,,,1,0,0,0,,
Ya,salmon - ALLSIZE,NH2-WR,Hijab,Nura Hijab 2,,,,28000,,16050,,0,0,100,0,salmon,ALLSIZE,Polycotton,1,0,0,0,,
Ya,Silver - ALLSIZE,NH2-TR,Hijab,Nura Hijab 2,,,,28000,,16050,,0,0,100,0,Silver,ALLSIZE,Polycotton,1,0,0,0,,
Ya,soft latte - ALLSIZE,NH2-RG,Hijab,Nura Hijab 2,,,,28000,,16050,,0,0,100,0,soft latte,ALLSIZE,Polycotton,1,0,0,0,,
Ya,soft misty - ALLSIZE,NH2-WT,Hijab,Nura Hijab 2,,,,28000,,16050,,0,0,100,0,soft misty,ALLSIZE,Polycotton,1,0,0,0,,
Ya,taro - ALLSIZE,NH2-RC,Hijab,Nura Hijab 2,,,,28000,,16050,,0,0,100,0,taro,ALLSIZE,Polycotton,1,0,0,0,,
Ya,taupe - ALLSIZE,NH2-RS,Hijab,Nura Hijab 2,,,,28000,,16050,,0,0,100,0,taupe,ALLSIZE,Polycotton,1,0,0,0,,
Ya,Teracotta - ALLSIZE,NH2-OL,Hijab,Nura Hijab 2,,,,28000,,16050,,0,0,100,0,Teracotta,ALLSIZE,Polycotton,1,0,0,0,,
Ya,tosca - ALLSIZE,NH2-TE,Hijab,Nura Hijab 2,,,,28000,,16050,,0,0,100,0,tosca,ALLSIZE,Polycotton,1,0,0,0,,
Ya,Wardah - ALLSIZE,NH2-PP,Hijab,Nura Hijab 2,,,,28000,,16050,,0,0,100,0,Wardah,ALLSIZE,Polycotton,1,0,0,0,,
Ya,White - ALLSIZE,NH2-TS,Hijab,Nura Hijab 2,,,,28000,,16050,,0,0,100,0,White,ALLSIZE,Polycotton,1,0,0,0,,
Ya,wood - ALLSIZE,NH2-WD,Hijab,Nura Hijab 2,,,,28000,,16050,,0,0,100,0,wood,ALLSIZE,Polycotton,1,0,0,0,,
Tidak,,PPM,Hijab,Paris Premium,paris-premium,,,50000,,28900,,0,0,100,1,,,,1,0,0,0,,
Ya,almond - ALLSIZE,PPM-RB,Hijab,Paris Premium,,,,50000,,28900,,0,0,100,0,almond,ALLSIZE,Baby Paris,1,0,0,0,,
Ya,aqua blue - ALLSIZE,PPM-BB,Hijab,Paris Premium,,,,50000,,28900,,0,0,100,0,aqua blue,ALLSIZE,Baby Paris,1,0,0,0,,
Ya,avocado - ALLSIZE,PPM-SB,Hijab,Paris Premium,,,,50000,,28900,,0,0,100,0,avocado,ALLSIZE,Baby Paris,1,0,0,0,,
Ya,baby blue - ALLSIZE,PPM-FA,Hijab,Paris Premium,,,,50000,,28900,,0,0,100,0,baby blue,ALLSIZE,Baby Paris,1,0,0,0,,
Ya,bittersweet - ALLSIZE,PPM-NP,Hijab,Paris Premium,,,,50000,,28900,,0,0,100,0,bittersweet,ALLSIZE,Baby Paris,1,0,0,0,,
Ya,black - ALLSIZE,PPM-WR,Hijab,Paris Premium,,,,50000,,28900,,0,0,100,0,black,ALLSIZE,Baby Paris,1,0,0,0,,
Ya,blossom - ALLSIZE,PPM-PM,Hijab,Paris Premium,,,,50000,,28900,,0,0,100,0,blossom,ALLSIZE,Baby Paris,1,0,0,0,,
Ya,blue jeans - ALLSIZE,PPM-CR,Hijab,Paris Premium,,,,50000,,28900,,0,0,100,0,blue jeans,ALLSIZE,Baby Paris,1,0,0,0,,
Ya,broken white - ALLSIZE,PPM-BW,Hijab,Paris Premium,,,,50000,,28900,,0,0,100,0,broken white,ALLSIZE,Baby Paris,1,0,0,0,,
Ya,bronzo - ALLSIZE,PPM-BL,Hijab,Paris Premium,,,,50000,,28900,,0,0,100,0,bronzo,ALLSIZE,Baby Paris,1,0,0,0,,
Ya,coral - ALLSIZE,PPM-BS,Hijab,Paris Premium,,,,50000,,28900,,0,0,100,0,coral,ALLSIZE,Baby Paris,1,0,0,0,,
Ya,creamy - ALLSIZE,PPM-BJ,Hijab,Paris Premium,,,,50000,,28900,,0,0,100,0,creamy,ALLSIZE,Baby Paris,1,0,0,0,,
Ya,fairy - ALLSIZE,PPM-MB,Hijab,Paris Premium,,,,50000,,28900,,0,0,100,0,fairy,ALLSIZE,Baby Paris,1,0,0,0,,
Ya,flora - ALLSIZE,PPM-NB,Hijab,Paris Premium,,,,50000,,28900,,0,0,100,0,flora,ALLSIZE,Baby Paris,1,0,0,0,,
Ya,light grey - ALLSIZE,PPM-FL,Hijab,Paris Premium,,,,50000,,28900,,0,0,100,0,light grey,ALLSIZE,Baby Paris,1,0,0,0,,
Ya,maroon - ALLSIZE,PPM-TN,Hijab,Paris Premium,,,,50000,,28900,,0,0,100,0,maroon,ALLSIZE,Baby Paris,1,0,0,0,,
Ya,matcha - ALLSIZE,PPM-TK,Hijab,Paris Premium,,,,50000,,28900,,0,0,100,0,matcha,ALLSIZE,Baby Paris,1,0,0,0,,
Ya,mos green - ALLSIZE,PPM-MR,Hijab,Paris Premium,,,,50000,,28900,,0,0,100,0,mos green,ALLSIZE,Baby Paris,1,0,0,0,,
Ya,mullberry - ALLSIZE,PPM-AV,Hijab,Paris Premium,,,,50000,,28900,,0,0,100,0,mullberry,ALLSIZE,Baby Paris,1,0,0,0,,
Ya,navy - ALLSIZE,PPM-O,Hijab,Paris Premium,,,,50000,,28900,,0,0,100,0,navy,ALLSIZE,Baby Paris,1,0,0,0,,
Ya,nude pink - ALLSIZE,PPM-OL,Hijab,Paris Premium,,,,50000,,28900,,0,0,100,0,nude pink,ALLSIZE,Baby Paris,1,0,0,0,,
Ya,oat - ALLSIZE,PPM-TR,Hijab,Paris Premium,,,,50000,,28900,,0,0,100,0,oat,ALLSIZE,Baby Paris,1,0,0,0,,
Ya,off white - ALLSIZE,PPM-SM,Hijab,Paris Premium,,,,50000,,28900,,0,0,100,0,off white,ALLSIZE,Baby Paris,1,0,0,0,,
Ya,olive - ALLSIZE,PPM-OW,Hijab,Paris Premium,,,,50000,,28900,,0,0,100,0,olive,ALLSIZE,Baby Paris,1,0,0,0,,
Ya,plum - ALLSIZE,PPM-SG,Hijab,Paris Premium,,,,50000,,28900,,0,0,100,0,plum,ALLSIZE,Baby Paris,1,0,0,0,,
Ya,rasberry - ALLSIZE,PPM-MC,Hijab,Paris Premium,,,,50000,,28900,,0,0,100,0,rasberry,ALLSIZE,Baby Paris,1,0,0,0,,
Ya,rossa giz - ALLSIZE,PPM-CM,Hijab,Paris Premium,,,,50000,,28900,,0,0,100,0,rossa giz,ALLSIZE,Baby Paris,1,0,0,0,,
Ya,royal blue - ALLSIZE,PPM-LG,Hijab,Paris Premium,,,,50000,,28900,,0,0,100,0,royal blue,ALLSIZE,Baby Paris,1,0,0,0,,
Ya,smoke - ALLSIZE,PPM-MG,Hijab,Paris Premium,,,,50000,,28900,,0,0,100,0,smoke,ALLSIZE,Baby Paris,1,0,0,0,,
Ya,smoky blue - ALLSIZE,PPM-BZ,Hijab,Paris Premium,,,,50000,,28900,,0,0,100,0,smoky blue,ALLSIZE,Baby Paris,1,0,0,0,,
Ya,steel grey - ALLSIZE,PPM-BM,Hijab,Paris Premium,,,,50000,,28900,,0,0,100,0,steel grey,ALLSIZE,Baby Paris,1,0,0,0,,
Ya,taro - ALLSIZE,PPM-AB,Hijab,Paris Premium,,,,50000,,28900,,0,0,100,0,taro,ALLSIZE,Baby Paris,1,0,0,0,,
Ya,turkish - ALLSIZE,PPM-AL,Hijab,Paris Premium,,,,50000,,28900,,0,0,100,0,turkish,ALLSIZE,Baby Paris,1,0,0,0,,
Ya,wardah - ALLSIZE,PPM-ZT,Hijab,Paris Premium,,,,50000,,28900,,0,0,100,0,wardah,ALLSIZE,Baby Paris,1,0,0,0,,
Ya,zaitun - ALLSIZE,PPM-RY,Hijab,Paris Premium,,,,50000,,28900,,0,0,100,0,zaitun,ALLSIZE,Baby Paris,1,0,0,0,,
Tidak,,POR,Hijab,Pashmina Oval Rayon,pashmina-oval-rayon,,,65000,,38500,,0,0,300,1,,,,1,0,0,0,,
Ya,Indigo - ALLSIZE,POR-IN,Hijab,Pashmina Oval Rayon,,,,65000,,38500,,0,0,300,0,Indigo,ALLSIZE,Airflow,1,0,0,0,,
Ya,Black - ALLSIZE,POR-BL,Hijab,Pashmina Oval Rayon,,,,65000,,38500,,0,0,300,0,Black,ALLSIZE,Airflow,1,0,0,0,,
Ya,Red Wine - ALLSIZE,POR-RW,Hijab,Pashmina Oval Rayon,,,,65000,,38500,,0,0,300,0,Red Wine,ALLSIZE,Airflow,1,0,0,0,,
Ya,Latte - ALLSIZE,POR-LT,Hijab,Pashmina Oval Rayon,,,,65000,,38500,,0,0,300,0,Latte,ALLSIZE,Airflow,1,0,0,0,,
Ya,Umber - ALLSIZE,POR-UM,Hijab,Pashmina Oval Rayon,,,,65000,,38500,,0,0,300,0,Umber,ALLSIZE,Airflow,1,0,0,0,,
Ya,Navy - ALLSIZE,POR-NV,Hijab,Pashmina Oval Rayon,,,,65000,,38500,,0,0,300,0,Navy,ALLSIZE,Airflow,1,0,0,0,,
Ya,BW - ALLSIZE,POR-BW,Hijab,Pashmina Oval Rayon,,,,65000,,38500,,0,0,300,0,BW,ALLSIZE,Airflow,1,0,0,0,,
Ya,Oat - ALLSIZE,POR-O,Hijab,Pashmina Oval Rayon,,,,65000,,38500,,0,0,300,0,Oat,ALLSIZE,Airflow,1,0,0,0,,
Ya,Bone - ALLSIZE,POR-BN,Hijab,Pashmina Oval Rayon,,,,65000,,38500,,0,0,300,0,Bone,ALLSIZE,Airflow,1,0,0,0,,
Ya,Graphite - ALLSIZE,POR-GP,Hijab,Pashmina Oval Rayon,,,,65000,,38500,,0,0,300,0,Graphite,ALLSIZE,Airflow,1,0,0,0,,
Ya,KOPI - ALLSIZE,POR-GP,Hijab,Pashmina Oval Rayon,,,,65000,,38500,,0,0,300,0,KOPI,ALLSIZE,Airflow,1,0,0,0,,
Tidak,,POR,Hijab,Pashmina Rayon,pashmina-rayon,,,60000,,38500,,0,0,300,1,,,,1,0,0,0,,
Ya,Indigo - ALLSIZE,POR-IN,Hijab,Pashmina Rayon,,,,60000,,38500,,0,0,300,0,Indigo,ALLSIZE,Airflow,1,0,0,0,,
Ya,Black - ALLSIZE,POR-BL,Hijab,Pashmina Rayon,,,,60000,,38500,,0,0,300,0,Black,ALLSIZE,Airflow,1,0,0,0,,
Ya,Red Wine - ALLSIZE,POR-RW,Hijab,Pashmina Rayon,,,,60000,,38500,,0,0,300,0,Red Wine,ALLSIZE,Airflow,1,0,0,0,,
Ya,Latte - ALLSIZE,POR-LT,Hijab,Pashmina Rayon,,,,60000,,38500,,0,0,300,0,Latte,ALLSIZE,Airflow,1,0,0,0,,
Ya,Umber - ALLSIZE,POR-UM,Hijab,Pashmina Rayon,,,,60000,,38500,,0,0,300,0,Umber,ALLSIZE,Airflow,1,0,0,0,,
Ya,Navy - ALLSIZE,POR-NV,Hijab,Pashmina Rayon,,,,60000,,38500,,0,0,300,0,Navy,ALLSIZE,Airflow,1,0,0,0,,
Ya,BW - ALLSIZE,POR-BW,Hijab,Pashmina Rayon,,,,60000,,38500,,0,0,300,0,BW,ALLSIZE,Airflow,1,0,0,0,,
Ya,Oat - ALLSIZE,POR-O,Hijab,Pashmina Rayon,,,,60000,,38500,,0,0,300,0,Oat,ALLSIZE,Airflow,1,0,0,0,,
Ya,Bone - ALLSIZE,POR-BN,Hijab,Pashmina Rayon,,,,60000,,38500,,0,0,300,0,Bone,ALLSIZE,Airflow,1,0,0,0,,
Ya,Graphite - ALLSIZE,POR-GP,Hijab,Pashmina Rayon,,,,60000,,38500,,0,0,300,0,Graphite,ALLSIZE,Airflow,1,0,0,0,,
Ya,KOPI - ALLSIZE,POR-GP,Hijab,Pashmina Rayon,,,,60000,,38500,,0,0,300,0,KOPI,ALLSIZE,Airflow,1,0,0,0,,
Tidak,,RDS,Dress,Rihanna dress,rihanna-dress,,,175000,,93700,,0,0,1000,1,,,,1,0,0,0,,
Ya,Isla - ALLSIZE,RDS-IS,Dress,Rihanna dress,,,,175000,,93700,,0,0,1000,0,Isla,ALLSIZE,Ity twist,1,0,0,0,,
Ya,Olive seen - ALLSIZE,RDS-OS,Dress,Rihanna dress,,,,175000,,93700,,0,0,1000,0,Olive seen,ALLSIZE,Ity twist,1,0,0,0,,
Ya,Smoke - ALLSIZE,RDS-SM,Dress,Rihanna dress,,,,175000,,93700,,0,0,1000,0,Smoke,ALLSIZE,Ity twist,1,0,0,0,,
Ya,Mauve - ALLSIZE,RDS-MV,Dress,Rihanna dress,,,,175000,,93700,,0,0,1000,0,Mauve,ALLSIZE,Ity twist,1,0,0,0,,
Ya,Khaki tua - ALLSIZE,RDS-KT,Dress,Rihanna dress,,,,175000,,93700,,0,0,1000,0,Khaki tua,ALLSIZE,Ity twist,1,0,0,0,,
Ya,Kopi - ALLSIZE,RDS-KP,Dress,Rihanna dress,,,,175000,,93700,,0,0,1000,0,Kopi,ALLSIZE,Ity twist,1,0,0,0,,
Ya,Hitam - ALLSIZE,RDS-HT,Dress,Rihanna dress,,,,175000,,93700,,0,0,1000,0,Hitam,ALLSIZE,Ity twist,1,0,0,0,,
Ya,Dark grey - ALLSIZE,RDS-DG,Dress,Rihanna dress,,,,175000,,93700,,0,0,1000,0,Dark grey,ALLSIZE,Ity twist,1,0,0,0,,
Tidak,,RP,OneSet,RUMI PETITE,rumi-petite,,,145000,,102810,,0,0,1000,1,,,,1,0,0,0,,
Ya,biscuit - ALLSIZE,RP-DG,OneSet,RUMI PETITE,,,,145000,,102810,,0,0,1000,0,biscuit,ALLSIZE,Ity twist,1,0,0,0,,
Ya,black - ALLSIZE,RP-BC,OneSet,RUMI PETITE,,,,145000,,102810,,0,0,1000,0,black,ALLSIZE,Ity twist,1,0,0,0,,
Ya,blue jeans - ALLSIZE,RP-CP,OneSet,RUMI PETITE,,,,145000,,102810,,0,0,1000,0,blue jeans,ALLSIZE,Ity twist,1,0,0,0,,
Ya,burgundy - ALLSIZE,RP-BG,OneSet,RUMI PETITE,,,,145000,,102810,,0,0,1000,0,burgundy,ALLSIZE,Ity twist,1,0,0,0,,
Ya,chocopink - ALLSIZE,RP-TH,OneSet,RUMI PETITE,,,,145000,,102810,,0,0,1000,0,chocopink,ALLSIZE,Ity twist,1,0,0,0,,
Ya,dark grey - ALLSIZE,RP-CML,OneSet,RUMI PETITE,,,,145000,,102810,,0,0,1000,0,dark grey,ALLSIZE,Ity twist,1,0,0,0,,
Ya,dark plum - ALLSIZE,RP-PN,OneSet,RUMI PETITE,,,,145000,,102810,,0,0,1000,0,dark plum,ALLSIZE,Ity twist,1,0,0,0,,
Ya,deep blue - ALLSIZE,RP-MM,OneSet,RUMI PETITE,,,,145000,,102810,,0,0,1000,0,deep blue,ALLSIZE,Ity twist,1,0,0,0,,
Ya,khaki tua - ALLSIZE,RP-KT,OneSet,RUMI PETITE,,,,145000,,102810,,0,0,1000,0,khaki tua,ALLSIZE,Ity twist,1,0,0,0,,
Ya,kopi - ALLSIZE,RP-NV,OneSet,RUMI PETITE,,,,145000,,102810,,0,0,1000,0,kopi,ALLSIZE,Ity twist,1,0,0,0,,
Ya,maroon - ALLSIZE,RP-BJ,OneSet,RUMI PETITE,,,,145000,,102810,,0,0,1000,0,maroon,ALLSIZE,Ity twist,1,0,0,0,,
Ya,milo - ALLSIZE,RP-KP,OneSet,RUMI PETITE,,,,145000,,102810,,0,0,1000,0,milo,ALLSIZE,Ity twist,1,0,0,0,,
Ya,navy - ALLSIZE,RP-DP,OneSet,RUMI PETITE,,,,145000,,102810,,0,0,1000,0,navy,ALLSIZE,Ity twist,1,0,0,0,,
Ya,peanut - ALLSIZE,RP-BL,OneSet,RUMI PETITE,,,,145000,,102810,,0,0,1000,0,peanut,ALLSIZE,Ity twist,1,0,0,0,,
Ya,pemda - ALLSIZE,RP-ML,OneSet,RUMI PETITE,,,,145000,,102810,,0,0,1000,0,pemda,ALLSIZE,Ity twist,1,0,0,0,,
Ya,thistle - ALLSIZE,RP-DB,OneSet,RUMI PETITE,,,,145000,,102810,,0,0,1000,0,thistle,ALLSIZE,Ity twist,1,0,0,0,,
Tidak,,RMF,OneSet,Rumi Set,rumi-set,,,145000,,102810,,0,0,1000,1,,,,1,0,0,0,,
Ya,Biscuit - ALLSIZE,RMF-DP,OneSet,Rumi Set,,,,145000,,102810,,0,0,1000,0,Biscuit,ALLSIZE,Ity twist,1,0,0,0,,
Ya,blue jeans - ALLSIZE,RS-MV,OneSet,Rumi Set,,,,145000,,102810,,0,0,1000,0,blue jeans,ALLSIZE,Ity twist,1,0,0,0,,
Ya,Burgundy - ALLSIZE,RS-EM,OneSet,Rumi Set,,,,145000,,102810,,0,0,1000,0,Burgundy,ALLSIZE,Ity twist,1,0,0,0,,
Ya,choco pink - ALLSIZE,RMF-SM,OneSet,Rumi Set,,,,145000,,102810,,0,0,1000,0,choco pink,ALLSIZE,Ity twist,1,0,0,0,,
Ya,dark grey - ALLSIZE,RMF-BG,OneSet,Rumi Set,,,,145000,,102810,,0,0,1000,0,dark grey,ALLSIZE,Ity twist,1,0,0,0,,
Ya,dove purple - ALLSIZE,RS-IS,OneSet,Rumi Set,,,,145000,,102810,,0,0,1000,0,dove purple,ALLSIZE,Ity twist,1,0,0,0,,
Ya,emerald - ALLSIZE,RS-BC,OneSet,Rumi Set,,,,145000,,102810,,0,0,1000,0,emerald,ALLSIZE,Ity twist,1,0,0,0,,
Ya,Hitam - ALLSIZE,RS-NV,OneSet,Rumi Set,,,,145000,,102810,,0,0,1000,0,Hitam,ALLSIZE,Ity twist,1,0,0,0,,
Ya,isla - ALLSIZE,RS-MR,OneSet,Rumi Set,,,,145000,,102810,,0,0,1000,0,isla,ALLSIZE,Ity twist,1,0,0,0,,
Ya,kopi - ALLSIZE,RS-KP,OneSet,Rumi Set,,,,145000,,102810,,0,0,1000,0,kopi,ALLSIZE,Ity twist,1,0,0,0,,
Ya,maroon - ALLSIZE,RS-CP,OneSet,Rumi Set,,,,145000,,102810,,0,0,1000,0,maroon,ALLSIZE,Ity twist,1,0,0,0,,
Ya,mauve - ALLSIZE,RMF-BC,OneSet,Rumi Set,,,,145000,,102810,,0,0,1000,0,mauve,ALLSIZE,Ity twist,1,0,0,0,,
Ya,milo - ALLSIZE,RMF-BJ,OneSet,Rumi Set,,,,145000,,102810,,0,0,1000,0,milo,ALLSIZE,Ity twist,1,0,0,0,,
Ya,navy - ALLSIZE,RS-ML,OneSet,Rumi Set,,,,145000,,102810,,0,0,1000,0,navy,ALLSIZE,Ity twist,1,0,0,0,,
Ya,seen olive - ALLSIZE,RS-SM,OneSet,Rumi Set,,,,145000,,102810,,0,0,1000,0,seen olive,ALLSIZE,Ity twist,1,0,0,0,,
Ya,smoke - ALLSIZE,RMF-SO,OneSet,Rumi Set,,,,145000,,102810,,0,0,1000,0,smoke,ALLSIZE,Ity twist,1,0,0,0,,
Ya,soft beige - ALLSIZE,RS-SB,OneSet,Rumi Set,,,,145000,,102810,,0,0,1000,0,soft beige,ALLSIZE,Ity twist,1,0,0,0,,
Ya,thistle - ALLSIZE,RMF-CP,OneSet,Rumi Set,,,,145000,,102810,,0,0,1000,0,thistle,ALLSIZE,Ity twist,1,0,0,0,,
Tidak,,SI,Hijab,Segitiga Inner,segitiga-inner,,,40000,,27203,,0,0,300,1,,,,1,0,0,0,,
Ya,Beige - ALLSIZE,SI-BG,Hijab,Segitiga Inner,,,,40000,,27203,,0,0,300,0,Beige,ALLSIZE,Baby doll,1,0,0,0,,
Ya,Red Choco - ALLSIZE,SI-RC,Hijab,Segitiga Inner,,,,40000,,27203,,0,0,300,0,Red Choco,ALLSIZE,Baby doll,1,0,0,0,,
Ya,Sage Green - ALLSIZE,SI-SG,Hijab,Segitiga Inner,,,,40000,,27203,,0,0,300,0,Sage Green,ALLSIZE,Baby doll,1,0,0,0,,
Ya,Lime - ALLSIZE,SI-LM,Hijab,Segitiga Inner,,,,40000,,27203,,0,0,300,0,Lime,ALLSIZE,Baby doll,1,0,0,0,,
Ya,Coksu - ALLSIZE,SI-CK,Hijab,Segitiga Inner,,,,40000,,27203,,0,0,300,0,Coksu,ALLSIZE,Baby doll,1,0,0,0,,
Ya,Sand - ALLSIZE,SI-SN,Hijab,Segitiga Inner,,,,40000,,27203,,0,0,300,0,Sand,ALLSIZE,Baby doll,1,0,0,0,,
Ya,Nude - ALLSIZE,SI-ND,Hijab,Segitiga Inner,,,,40000,,27203,,0,0,300,0,Nude,ALLSIZE,Baby doll,1,0,0,0,,
Ya,Wallnut - ALLSIZE,SI-WN,Hijab,Segitiga Inner,,,,40000,,27203,,0,0,300,0,Wallnut,ALLSIZE,Baby doll,1,0,0,0,,
Ya,Navy - ALLSIZE,SI-NV,Hijab,Segitiga Inner,,,,40000,,27203,,0,0,300,0,Navy,ALLSIZE,Baby doll,1,0,0,0,,
Ya,Choco Land - ALLSIZE,SI-CL,Hijab,Segitiga Inner,,,,40000,,27203,,0,0,300,0,Choco Land,ALLSIZE,Baby doll,1,0,0,0,,
Ya,Taro - ALLSIZE,SI-TR,Hijab,Segitiga Inner,,,,40000,,27203,,0,0,300,0,Taro,ALLSIZE,Baby doll,1,0,0,0,,
Ya,Cappucino - ALLSIZE,SI-CAP,Hijab,Segitiga Inner,,,,40000,,27203,,0,0,300,0,Cappucino,ALLSIZE,Baby doll,1,0,0,0,,
Ya,Black - ALLSIZE,SI-BL,Hijab,Segitiga Inner,,,,40000,,27203,,0,0,300,0,Black,ALLSIZE,Baby doll,1,0,0,0,,
Ya,Coklat Pastel - ALLSIZE,SI-CP,Hijab,Segitiga Inner,,,,40000,,27203,,0,0,300,0,Coklat Pastel,ALLSIZE,Baby doll,1,0,0,0,,
Ya,Maroon - ALLSIZE,SI-MR,Hijab,Segitiga Inner,,,,40000,,27203,,0,0,300,0,Maroon,ALLSIZE,Baby doll,1,0,0,0,,
Ya,Denim - ALLSIZE,SI-DN,Hijab,Segitiga Inner,,,,40000,,27203,,0,0,300,0,Denim,ALLSIZE,Baby doll,1,0,0,0,,
Ya,Nude Pink - ALLSIZE,SI-NP,Hijab,Segitiga Inner,,,,40000,,27203,,0,0,300,0,Nude Pink,ALLSIZE,Baby doll,1,0,0,0,,
Ya,Grey - ALLSIZE,SI-GR,Hijab,Segitiga Inner,,,,40000,,27203,,0,0,300,0,Grey,ALLSIZE,Baby doll,1,0,0,0,,
Ya,Plum - ALLSIZE,SI-PL,Hijab,Segitiga Inner,,,,40000,,27203,,0,0,300,0,Plum,ALLSIZE,Baby doll,1,0,0,0,,
Ya,Chestnut - ALLSIZE,SI-CN,Hijab,Segitiga Inner,,,,40000,,27203,,0,0,300,0,Chestnut,ALLSIZE,Baby doll,1,0,0,0,,
Ya,Almond - ALLSIZE,SI-AL,Hijab,Segitiga Inner,,,,40000,,27203,,0,0,300,0,Almond,ALLSIZE,Baby doll,1,0,0,0,,
Ya,Coral - ALLSIZE,SI-CR,Hijab,Segitiga Inner,,,,40000,,27203,,0,0,300,0,Coral,ALLSIZE,Baby doll,1,0,0,0,,
Ya,Tortilla - ALLSIZE,SI-TL,Hijab,Segitiga Inner,,,,40000,,27203,,0,0,300,0,Tortilla,ALLSIZE,Baby doll,1,0,0,0,,
Ya,Emerald - ALLSIZE,SI-EM,Hijab,Segitiga Inner,,,,40000,,27203,,0,0,300,0,Emerald,ALLSIZE,Baby doll,1,0,0,0,,
Tidak,,HI,Hijab,Seira Hijab Inner,seira-hijab-inner,,,55000,,37810,,0,0,500,1,,,,1,0,0,0,,
Ya,biscuit - ALLSIZE,HI-LG,Hijab,Seira Hijab Inner,,,,55000,,37810,,0,0,500,0,biscuit,ALLSIZE,Ity twist,1,0,0,0,,
Ya,black - ALLSIZE,HI-SS,Hijab,Seira Hijab Inner,,,,55000,,37810,,0,0,500,0,black,ALLSIZE,Ity twist,1,0,0,0,,
Ya,blue jeans - ALLSIZE,HI-CML,Hijab,Seira Hijab Inner,,,,55000,,37810,,0,0,500,0,blue jeans,ALLSIZE,Ity twist,1,0,0,0,,
Ya,burgundy - ALLSIZE,HI-IS,Hijab,Seira Hijab Inner,,,,55000,,37810,,0,0,500,0,burgundy,ALLSIZE,Ity twist,1,0,0,0,,
Ya,camel - ALLSIZE,HI-MV,Hijab,Seira Hijab Inner,,,,55000,,37810,,0,0,500,0,camel,ALLSIZE,Ity twist,1,0,0,0,,
Ya,candy - ALLSIZE,HI-DP,Hijab,Seira Hijab Inner,,,,55000,,37810,,0,0,500,0,candy,ALLSIZE,Ity twist,1,0,0,0,,
Ya,choco pink - ALLSIZE,HI-OT,Hijab,Seira Hijab Inner,,,,55000,,37810,,0,0,500,0,choco pink,ALLSIZE,Ity twist,1,0,0,0,,
Ya,cloudy - ALLSIZE,HI-BW,Hijab,Seira Hijab Inner,,,,55000,,37810,,0,0,500,0,cloudy,ALLSIZE,Ity twist,1,0,0,0,,
Ya,dark grey - ALLSIZE,HI-PEA,Hijab,Seira Hijab Inner,,,,55000,,37810,,0,0,500,0,dark grey,ALLSIZE,Ity twist,1,0,0,0,,
Ya,dark plum - ALLSIZE,HI-CPP,Hijab,Seira Hijab Inner,,,,55000,,37810,,0,0,500,0,dark plum,ALLSIZE,Ity twist,1,0,0,0,,
Ya,deep blue - ALLSIZE,HI-DG,Hijab,Seira Hijab Inner,,,,55000,,37810,,0,0,500,0,deep blue,ALLSIZE,Ity twist,1,0,0,0,,
Ya,dove purple - ALLSIZE,HI-BR,Hijab,Seira Hijab Inner,,,,55000,,37810,,0,0,500,0,dove purple,ALLSIZE,Ity twist,1,0,0,0,,
Ya,grey - ALLSIZE,HI-CK,Hijab,Seira Hijab Inner,,,,55000,,37810,,0,0,500,0,grey,ALLSIZE,Ity twist,1,0,0,0,,
Ya,Irish - ALLSIZE,HI-NB,Hijab,Seira Hijab Inner,,,,55000,,37810,,0,0,500,0,Irish,ALLSIZE,Ity twist,1,0,0,0,,
Ya,isla - ALLSIZE,HI-AR,Hijab,Seira Hijab Inner,,,,55000,,37810,,0,0,500,0,isla,ALLSIZE,Ity twist,1,0,0,0,,
Ya,khaki - ALLSIZE,HI-SB,Hijab,Seira Hijab Inner,,,,55000,,37810,,0,0,500,0,khaki,ALLSIZE,Ity twist,1,0,0,0,,
Ya,kopi - ALLSIZE,HI-CN,Hijab,Seira Hijab Inner,,,,55000,,37810,,0,0,500,0,kopi,ALLSIZE,Ity twist,1,0,0,0,,
Ya,maroon - ALLSIZE,HI-BUT,Hijab,Seira Hijab Inner,,,,55000,,37810,,0,0,500,0,maroon,ALLSIZE,Ity twist,1,0,0,0,,
Ya,mauve - ALLSIZE,HI-RS,Hijab,Seira Hijab Inner,,,,55000,,37810,,0,0,500,0,mauve,ALLSIZE,Ity twist,1,0,0,0,,
Ya,milo - ALLSIZE,HI-SM,Hijab,Seira Hijab Inner,,,,55000,,37810,,0,0,500,0,milo,ALLSIZE,Ity twist,1,0,0,0,,
Ya,navy - ALLSIZE,HI-CL,Hijab,Seira Hijab Inner,,,,55000,,37810,,0,0,500,0,navy,ALLSIZE,Ity twist,1,0,0,0,,
Ya,oat - ALLSIZE,HI-BC,Hijab,Seira Hijab Inner,,,,55000,,37810,,0,0,500,0,oat,ALLSIZE,Ity twist,1,0,0,0,,
Ya,olive - ALLSIZE,HI-OL,Hijab,Seira Hijab Inner,,,,55000,,37810,,0,0,500,0,olive,ALLSIZE,Ity twist,1,0,0,0,,
Ya,peanut - ALLSIZE,HI-IR,Hijab,Seira Hijab Inner,,,,55000,,37810,,0,0,500,0,peanut,ALLSIZE,Ity twist,1,0,0,0,,
Ya,seen olive - ALLSIZE,HI-BJ,Hijab,Seira Hijab Inner,,,,55000,,37810,,0,0,500,0,seen olive,ALLSIZE,Ity twist,1,0,0,0,,
Ya,smoke - ALLSIZE,HI-BL,Hijab,Seira Hijab Inner,,,,55000,,37810,,0,0,500,0,smoke,ALLSIZE,Ity twist,1,0,0,0,,
Ya,soft beige - ALLSIZE,HI-AT,Hijab,Seira Hijab Inner,,,,55000,,37810,,0,0,500,0,soft beige,ALLSIZE,Ity twist,1,0,0,0,,
Ya,thistle - ALLSIZE,HI-TH,Hijab,Seira Hijab Inner,,,,55000,,37810,,0,0,500,0,thistle,ALLSIZE,Ity twist,1,0,0,0,,
Tidak,,TR,Dress,Tiffany Dress Ruffle,tiffany-dress-ruffle,,,145000,,87750,,0,0,700,1,,,,1,0,0,0,,
Ya,HITAM - XL,TR-MM,Dress,Tiffany Dress Ruffle,,,,145000,,87750,,0,0,700,0,HITAM,XL,Wolpeach,1,0,0,0,,
Ya,MAHOGANY - XL,TR-ML,Dress,Tiffany Dress Ruffle,,,,145000,,87750,,0,0,700,0,MAHOGANY,XL,Wolpeach,1,0,0,0,,
Ya,SOFT BEIGE - XL,TR-HM,Dress,Tiffany Dress Ruffle,,,,145000,,87750,,0,0,700,0,SOFT BEIGE,XL,Wolpeach,1,0,0,0,,
Ya,SOFT MAUVE - XL,TR-HXL,Dress,Tiffany Dress Ruffle,,,,145000,,87750,,0,0,700,0,SOFT MAUVE,XL,Wolpeach,1,0,0,0,,
Ya,HITAM - L,TR-MXL,Dress,Tiffany Dress Ruffle,,,,145000,,87750,,0,0,700,0,HITAM,L,Wolpeach,1,0,0,0,,
Ya,MAHOGANY - L,TR-SML,Dress,Tiffany Dress Ruffle,,,,145000,,87750,,0,0,700,0,MAHOGANY,L,Wolpeach,1,0,0,0,,
Ya,SOFT BEIGE - L,TR-HL,Dress,Tiffany Dress Ruffle,,,,145000,,87750,,0,0,700,0,SOFT BEIGE,L,Wolpeach,1,0,0,0,,
Ya,SOFT MAUVE - L,TR-SBM,Dress,Tiffany Dress Ruffle,,,,145000,,87750,,0,0,700,0,SOFT MAUVE,L,Wolpeach,1,0,0,0,,
Ya,HITAM - M,TR-SMM,Dress,Tiffany Dress Ruffle,,,,145000,,87750,,0,0,700,0,HITAM,M,Wolpeach,1,0,0,0,,
Ya,MAHOGANY - M,TR-SBL,Dress,Tiffany Dress Ruffle,,,,145000,,87750,,0,0,700,0,MAHOGANY,M,Wolpeach,1,0,0,0,,
Ya,SOFT BEIGE - M,TR-SBXL,Dress,Tiffany Dress Ruffle,,,,145000,,87750,,0,0,700,0,SOFT BEIGE,M,Wolpeach,1,0,0,0,,
Ya,SOFT MAUVE - M,TR-SMXL,Dress,Tiffany Dress Ruffle,,,,145000,,87750,,0,0,700,0,SOFT MAUVE,M,Wolpeach,1,0,0,0,,
Tidak,,VS,Dress,Velora Inner Dress,velora-inner-dress,,,80000,,57500,,0,0,600,1,,,,1,0,0,0,,
Ya,Black - ALLSIZE,VS-OLXL,Dress,Velora Inner Dress,,,,80000,,57500,,0,0,600,0,Black,ALLSIZE,Spandex Balon,1,0,0,0,,
Ya,coral - ALLSIZE,VS-KHM,Dress,Velora Inner Dress,,,,80000,,57500,,0,0,600,0,coral,ALLSIZE,Spandex Balon,1,0,0,0,,
Ya,cream - ALLSIZE,VS-BLM,Dress,Velora Inner Dress,,,,80000,,57500,,0,0,600,0,cream,ALLSIZE,Spandex Balon,1,0,0,0,,
Ya,Khaki - ALLSIZE,VS-ISM,Dress,Velora Inner Dress,,,,80000,,57500,,0,0,600,0,Khaki,ALLSIZE,Spandex Balon,1,0,0,0,,
Ya,sand - ALLSIZE,VS-CXL,Dress,Velora Inner Dress,,,,80000,,57500,,0,0,600,0,sand,ALLSIZE,Spandex Balon,1,0,0,0,,
Tidak,,VN,OneSet,Verlyn Oneset,verlyn-oneset,,,145000,,93125,,0,0,1000,1,,,,1,0,0,0,,
Ya,dark grey - ALLSIZE,VN-OS,OneSet,Verlyn Oneset,,,,145000,,93125,,0,0,1000,0,dark grey,ALLSIZE,Ity twist,1,0,0,0,,
Ya,Hitam - ALLSIZE,VN-MV,OneSet,Verlyn Oneset,,,,145000,,93125,,0,0,1000,0,Hitam,ALLSIZE,Ity twist,1,0,0,0,,
Ya,isla - ALLSIZE,VN-HT,OneSet,Verlyn Oneset,,,,145000,,93125,,0,0,1000,0,isla,ALLSIZE,Ity twist,1,0,0,0,,
Ya,khaki tua - ALLSIZE,VN-KT,OneSet,Verlyn Oneset,,,,145000,,93125,,0,0,1000,0,khaki tua,ALLSIZE,Ity twist,1,0,0,0,,
Ya,kopi - ALLSIZE,VN-DG,OneSet,Verlyn Oneset,,,,145000,,93125,,0,0,1000,0,kopi,ALLSIZE,Ity twist,1,0,0,0,,
Ya,mauve - ALLSIZE,VN-KP,OneSet,Verlyn Oneset,,,,145000,,93125,,0,0,1000,0,mauve,ALLSIZE,Ity twist,1,0,0,0,,
Ya,olive seen - ALLSIZE,VN-IS,OneSet,Verlyn Oneset,,,,145000,,93125,,0,0,1000,0,olive seen,ALLSIZE,Ity twist,1,0,0,0,,
Ya,smoke - ALLSIZE,VN-SM,OneSet,Verlyn Oneset,,,,145000,,93125,,0,0,1000,0,smoke,ALLSIZE,Ity twist,1,0,0,0,,
Tidak,,ZM,Hijab,Zahira Khimar,zahira-khimar,,,75000,,47000,,0,0,400,1,,,,1,0,0,0,,
Ya,almond - SYAR'I,ZM-PL,Hijab,Zahira Khimar,,,,75000,,47000,,0,0,400,0,almond,SYAR'I,Ceruty,1,0,0,0,,
Ya,blue denim - SYAR'I,ZS-IV,Hijab,Zahira Khimar,,,,75000,,47000,,0,0,400,0,blue denim,SYAR'I,Ceruty,1,0,0,0,,
Ya,bronze - SYAR'I,ZM-FR,Hijab,Zahira Khimar,,,,75000,,47000,,0,0,400,0,bronze,SYAR'I,Ceruty,1,0,0,0,,
Ya,bw - SYAR'I,ZM-ML,Hijab,Zahira Khimar,,,,75000,,47000,,0,0,400,0,bw,SYAR'I,Ceruty,1,0,0,0,,
Ya,fapuchino - SYAR'I,ZS-BR,Hijab,Zahira Khimar,,,,75000,,47000,,0,0,400,0,fapuchino,SYAR'I,Ceruty,1,0,0,0,,
Ya,hitam - SYAR'I,ZS-SG,Hijab,Zahira Khimar,,,,75000,,47000,,0,0,400,0,hitam,SYAR'I,Ceruty,1,0,0,0,,
Ya,ivory - SYAR'I,ZM-BD,Hijab,Zahira Khimar,,,,75000,,47000,,0,0,400,0,ivory,SYAR'I,Ceruty,1,0,0,0,,
Ya,kopi - SYAR'I,ZM-MG,Hijab,Zahira Khimar,,,,75000,,47000,,0,0,400,0,kopi,SYAR'I,Ceruty,1,0,0,0,,
Ya,millo - SYAR'I,ZS-PL,Hijab,Zahira Khimar,,,,75000,,47000,,0,0,400,0,millo,SYAR'I,Ceruty,1,0,0,0,,
Ya,mistyc grey - SYAR'I,ZS-BD,Hijab,Zahira Khimar,,,,75000,,47000,,0,0,400,0,mistyc grey,SYAR'I,Ceruty,1,0,0,0,,
Ya,oat - SYAR'I,ZS-FR,Hijab,Zahira Khimar,,,,75000,,47000,,0,0,400,0,oat,SYAR'I,Ceruty,1,0,0,0,,
Ya,plum - SYAR'I,ZM-HT,Hijab,Zahira Khimar,,,,75000,,47000,,0,0,400,0,plum,SYAR'I,Ceruty,1,0,0,0,,
Ya,stone grey - SYAR'I,ZS-ML,Hijab,Zahira Khimar,,,,75000,,47000,,0,0,400,0,stone grey,SYAR'I,Ceruty,1,0,0,0,,
Ya,almond - MEDIUM,ZM-SG,Hijab,Zahira Khimar,,,,70000,,47000,,0,0,400,0,almond,MEDIUM,Ceruty,1,0,0,0,,
Ya,blue denim - MEDIUM,ZM-BR,Hijab,Zahira Khimar,,,,70000,,47000,,0,0,400,0,blue denim,MEDIUM,Ceruty,1,0,0,0,,
Ya,bronze - MEDIUM,ZS-MG,Hijab,Zahira Khimar,,,,70000,,47000,,0,0,400,0,bronze,MEDIUM,Ceruty,1,0,0,0,,
Ya,bw - MEDIUM,ZS-HT,Hijab,Zahira Khimar,,,,70000,,47000,,0,0,400,0,bw,MEDIUM,Ceruty,1,0,0,0,,
Ya,fapuchino - MEDIUM,ZM-AL,Hijab,Zahira Khimar,,,,70000,,47000,,0,0,400,0,fapuchino,MEDIUM,Ceruty,1,0,0,0,,
Ya,hitam - MEDIUM,ZS-BW,Hijab,Zahira Khimar,,,,70000,,47000,,0,0,400,0,hitam,MEDIUM,Ceruty,1,0,0,0,,
Ya,ivory - MEDIUM,ZS-AL,Hijab,Zahira Khimar,,,,70000,,47000,,0,0,400,0,ivory,MEDIUM,Ceruty,1,0,0,0,,
Ya,kopi - MEDIUM,ZM-IV,Hijab,Zahira Khimar,,,,70000,,47000,,0,0,400,0,kopi,MEDIUM,Ceruty,1,0,0,0,,
Ya,millo - MEDIUM,ZM-BW,Hijab,Zahira Khimar,,,,70000,,47000,,0,0,400,0,millo,MEDIUM,Ceruty,1,0,0,0,,
Tidak,,PIJ,Hijab,Zira Pashmina Inner Jersey,zira-pashmina-inner-jersey,,,55000,,34375,,0,0,400,1,,,,1,0,0,0,,
Ya,biscuit - ALLSIZE,PIJ-PEA,Hijab,Zira Pashmina Inner Jersey,,,,55000,,34375,,0,0,400,0,biscuit,ALLSIZE,Ity twist,1,0,0,0,,
Ya,black - ALLSIZE,PIJ-ML,Hijab,Zira Pashmina Inner Jersey,,,,55000,,34375,,0,0,400,0,black,ALLSIZE,Ity twist,1,0,0,0,,
Ya,blue jeans - ALLSIZE,PIJ-BW,Hijab,Zira Pashmina Inner Jersey,,,,55000,,34375,,0,0,400,0,blue jeans,ALLSIZE,Ity twist,1,0,0,0,,
Ya,burgundy - ALLSIZE,PIJ-BJ,Hijab,Zira Pashmina Inner Jersey,,,,55000,,34375,,0,0,400,0,burgundy,ALLSIZE,Ity twist,1,0,0,0,,
Ya,bw - ALLSIZE,PIJ-SG,Hijab,Zira Pashmina Inner Jersey,,,,55000,,34375,,0,0,400,0,bw,ALLSIZE,Ity twist,1,0,0,0,,
Ya,camel - ALLSIZE,PIJ-BR,Hijab,Zira Pashmina Inner Jersey,,,,55000,,34375,,0,0,400,0,camel,ALLSIZE,Ity twist,1,0,0,0,,
Ya,chocopink - ALLSIZE,PIJ-TH,Hijab,Zira Pashmina Inner Jersey,,,,55000,,34375,,0,0,400,0,chocopink,ALLSIZE,Ity twist,1,0,0,0,,
Ya,dark grey - ALLSIZE,PIJ-GR,Hijab,Zira Pashmina Inner Jersey,,,,55000,,34375,,0,0,400,0,dark grey,ALLSIZE,Ity twist,1,0,0,0,,
Ya,dark plum - ALLSIZE,PIJ-BL,Hijab,Zira Pashmina Inner Jersey,,,,55000,,34375,,0,0,400,0,dark plum,ALLSIZE,Ity twist,1,0,0,0,,
Ya,grey - ALLSIZE,PIJ-CML,Hijab,Zira Pashmina Inner Jersey,,,,55000,,34375,,0,0,400,0,grey,ALLSIZE,Ity twist,1,0,0,0,,
Ya,khaki tua - ALLSIZE,PIJ-NV,Hijab,Zira Pashmina Inner Jersey,,,,55000,,34375,,0,0,400,0,khaki tua,ALLSIZE,Ity twist,1,0,0,0,,
Ya,kopi - ALLSIZE,PIJ-CP,Hijab,Zira Pashmina Inner Jersey,,,,55000,,34375,,0,0,400,0,kopi,ALLSIZE,Ity twist,1,0,0,0,,
Ya,maroon - ALLSIZE,PIJ-KP,Hijab,Zira Pashmina Inner Jersey,,,,55000,,34375,,0,0,400,0,maroon,ALLSIZE,Ity twist,1,0,0,0,,
Ya,milo - ALLSIZE,PIJ-VH,Hijab,Zira Pashmina Inner Jersey,,,,55000,,34375,,0,0,400,0,milo,ALLSIZE,Ity twist,1,0,0,0,,
Ya,navy - ALLSIZE,PIJ-MR,Hijab,Zira Pashmina Inner Jersey,,,,55000,,34375,,0,0,400,0,navy,ALLSIZE,Ity twist,1,0,0,0,,
Ya,peanut - ALLSIZE,PIJ-SAFF,Hijab,Zira Pashmina Inner Jersey,,,,55000,,34375,,0,0,400,0,peanut,ALLSIZE,Ity twist,1,0,0,0,,
Ya,sage - ALLSIZE,PIJ-KT,Hijab,Zira Pashmina Inner Jersey,,,,55000,,34375,,0,0,400,0,sage,ALLSIZE,Ity twist,1,0,0,0,,
Ya,thistle - ALLSIZE,PIJ-DW,Hijab,Zira Pashmina Inner Jersey,,,,55000,,34375,,0,0,400,0,thistle,ALLSIZE,Ity twist,1,0,0,0,,
Ya,vanhouten - ALLSIZE,PIJ-BN,Hijab,Zira Pashmina Inner Jersey,,,,55000,,34375,,0,0,400,0,vanhouten,ALLSIZE,Ity twist,1,0,0,0,,
